cohort,method,events,mse,mse_h_n,mse_h_r,mse_h_k,cosine,corr_h_n,corr_h_r,corr_h_k
inclusive,global_gaussian,56262,0.16303913476613568,0.17803456997523862,0.19590716338087183,0.11517567094232793,0.6866105341401207,0.6915462745593574,0.6441002319608201,0.8038214825000607
inclusive,matched_shuffle,56262,0.1615599973399887,0.17685432907767412,0.19392462585466455,0.11390103708765989,0.6836992445682553,0.6940483954301792,0.6486567187499694,0.8062876082678759
inclusive,oracle_direction,56262,0.15607324318394275,0.17105571025747238,0.18781872305467173,0.10934529623971433,0.6994692334619753,0.7063292397506331,0.6627757955440136,0.8149949891521535
inclusive,sv,56262,0.15964953880350427,0.17472773762215713,0.19191338150759255,0.11230749728079722,0.6896510886719737,0.6985247934999148,0.6532649509720622,0.8093096168972544
inclusive,sv_raw,56262,0.16016844671431227,0.17515640342309463,0.1926228902661031,0.11272604645377182,0.6911013814854404,0.6975820760391224,0.6515986398988454,0.8084521551037559
inclusive,uniform,56262,0.16155837751871446,0.17685215672048232,0.19392695610036623,0.11389601973532669,0.6836828788953757,0.6940536335982682,0.6486523306078534,0.8062976320279823
one_sv,global_gaussian,18424,0.169514451111829,0.17969070338838772,0.19494635634784646,0.13390629359927142,0.6780985396353286,0.6870364080580926,0.6487994917842154,0.7685942841669701
one_sv,matched_shuffle,18424,0.1658657995836068,0.1770434226865272,0.18972925373771882,0.1308247223265916,0.6710789233757507,0.6920646492562553,0.659484306043012,0.7743633662322598
one_sv,oracle_direction,18424,0.1526258036852101,0.16291679813256185,0.17526010703361833,0.11970050588946525,0.7089348784892167,0.7219796028687839,0.6920142788890997,0.7963272138488012
one_sv,sv,18424,0.16119063218125296,0.171629663429901,0.1850185818869324,0.1269236512269397,0.6855258030749083,0.7034930008316934,0.6700159239600081,0.7820236836620289
one_sv,sv_raw,18424,0.16248972912790124,0.17247953938091373,0.18695302843991118,0.12803661956289492,0.6887729283548913,0.7019395472767467,0.6662506068579763,0.7799438594279283
one_sv,uniform,18424,0.1658703906336453,0.17702231120966863,0.18977673181811844,0.1308121288731661,0.6710225184826277,0.6921118049046602,0.6593780405306833,0.7743886100948462
both_sv,global_gaussian,2368,0.18015297254558257,0.1840711192192468,0.19001013631461539,0.16637766210288885,0.6604647803968835,0.6761857357150771,0.6664094332413644,0.7021257094220296
both_sv,matched_shuffle,2368,0.17339770476098826,0.17662634990850695,0.18349762457031485,0.1600691398041452,0.6459100659011742,0.6885369309265884,0.6760585423941449,0.7142957941789608
both_sv,oracle_direction,2368,0.14604885429840575,0.14876614666533916,0.15100153316119694,0.1383788830686842,0.7260591360565775,0.7478546629856865,0.7456618554139806,0.7602727735490696
both_sv,sv,2368,0.1643812630554488,0.16822128743968123,0.17236282251107996,0.15255967921558797,0.674919078310858,0.7064179740509432,0.7000214151821104,0.730017848304162
both_sv,sv_raw,2368,0.1666026459662722,0.17179370330576932,0.17416946882837797,0.15384476576467293,0.6841130555544622,0.7011116523828539,0.6982986294035424,0.7279017619418038
both_sv,uniform,2368,0.17332349872617375,0.1767389920914979,0.18318359084160943,0.16004791324541587,0.6459600820596824,0.6882922300367174,0.6767509899320815,0.7143538393675349
threeprong_containing,global_gaussian,20752,0.17087866623250644,0.18015830764108592,0.19467438197040027,0.13780330908605265,0.6754326231054173,0.6853198572142077,0.6502044826297838,0.7610617014281529
threeprong_containing,matched_shuffle,20752,0.1670699026286,0.17722906223093224,0.18939707450757365,0.13458357114731354,0.6673917670375638,0.6907768086885616,0.6607291695312417,0.7670752178716637
threeprong_containing,oracle_direction,20752,0.15240170850605397,0.16169753739114914,0.17306941861568073,0.12243816951134795,0.7096571145327092,0.7237574064509783,0.6972620124092817,0.7912093034521777
threeprong_containing,sv,20752,0.16196306038188032,0.1715321257462062,0.18402237073989441,0.1303346846595549,0.6833879099612531,0.7028389758316713,0.672706658532071,0.7754747738839395
threeprong_containing,sv_raw,20752,0.163257769066067,0.17264428585828384,0.1858213140519083,0.13130770728802532,0.6875356422140321,0.7008701208999184,0.6693747595945656,0.7737002174979439
threeprong_containing,uniform,20752,0.1670670674291862,0.17722578124852087,0.18940425345330272,0.13457116758575435,0.6673477920450818,0.6907857181774246,0.6607154331725419,0.7671009217024982
threeprong_x_threeprong,global_gaussian,2357,0.18063929020336503,0.18529905077628347,0.19021401833900758,0.16640480149480744,0.6584005205682719,0.6711787336820619,0.6659820303034419,0.7039132031147685
threeprong_x_threeprong,matched_shuffle,2357,0.1740896634844469,0.17750032539265584,0.1840754333143853,0.16069323174630148,0.6444680825190551,0.6842563080381461,0.674979712070373,0.7148885762934589
threeprong_x_threeprong,oracle_direction,2357,0.14722721476551406,0.1503455945199254,0.15213754586367725,0.1391985039129424,0.7230365827782829,0.7426559668751743,0.743362217187302,0.7601759363817265
threeprong_x_threeprong,sv,2357,0.1653108340473178,0.16954124766043427,0.17306802818403763,0.15332322629748443,0.6724966933328589,0.7014297419758243,0.6986915235803748,0.7302081329190454
threeprong_x_threeprong,sv_raw,2357,0.16768936752830296,0.17357099863113482,0.17487283814641674,0.15462426580736077,0.6810851664318976,0.6952548877813743,0.6969807144661062,0.7280421762054166
threeprong_x_threeprong,uniform,2357,0.1740115579420078,0.17761592640780605,0.1837451481489268,0.16067359926929242,0.6445244790061109,0.6840015573149548,0.6757061792892589,0.714942146196849
exact_surface_valid,global_gaussian,23887,0.1706406803917324,0.19097566172396688,0.20608562409239065,0.11486075535886055,0.6723599010753889,0.6821631987021656,0.6393201506890823,0.7832330159051947
exact_surface_valid,matched_shuffle,23887,0.1697783492458074,0.1904788614718533,0.20477080874609233,0.11408537751949363,0.6681835104802588,0.6832517322214727,0.6423281816770983,0.7849679483577525
exact_surface_valid,oracle_direction,23887,0.16431914920056315,0.18466683765870373,0.1986340559151518,0.10965655402785178,0.6842232485605397,0.6952185426398891,0.6561233584430257,0.7945733990848446
exact_surface_valid,sv,23887,0.1677524489594712,0.18822442746615878,0.20255695992510536,0.11247595948716799,0.6746408420862736,0.6878630630388065,0.647252294515323,0.7884320097420955
exact_surface_valid,sv_raw,23887,0.16774688129048804,0.18813893351469355,0.20262468082674692,0.11247702953004246,0.6769026030610115,0.687951205358587,0.6469999569800099,0.7882911325724228
exact_surface_valid,uniform,23887,0.1697711841234691,0.19048130448991887,0.2047649996879459,0.11406724819255967,0.6681699446714797,0.6832477850816563,0.6423423970932151,0.7850131082559342
exact_surface_invalid,global_gaussian,32375,0.15743054417590782,0.1684863426825079,0.18839726713326702,0.1154080227119704,0.6971249703414258,0.6989854884565246,0.6478885505493888,0.8166415052400438
exact_surface_invalid,matched_shuffle,32375,0.15549631326356267,0.1668018439718778,0.18592206922986643,0.11376502658896472,0.6951471006349725,0.7025828420423434,0.6536339559263216,0.8195309611681996
exact_surface_invalid,oracle_direction,32375,0.14998922906752535,0.1610131156556639,0.17983892827356027,0.10911564327337007,0.7107180625381331,0.715109587687081,0.6680063945559624,0.8277109882644991
exact_surface_invalid,sv,32375,0.15367103023530101,0.16476957761276576,0.18406031100073295,0.11218320209242165,0.7007259847396995,0.7069587254745294,0.6579980942789467,0.8222961177781932
exact_surface_invalid,sv_raw,32375,0.15457690797389184,0.16557760199302698,0.18524334521212937,0.11290977671653835,0.7015775581719063,0.7052253925865678,0.65524194767103,0.8210105336309209
exact_surface_invalid,uniform,32375,0.15549878488959404,0.16679626628746538,0.18593040483621917,0.11376968354511859,0.6951286691596598,0.7025953150373798,0.653614896194,0.8195212903945684
